-- phpMyAdmin SQL Dump
-- version 5.2.1
-- https://www.phpmyadmin.net/
--
-- 主機： 127.0.0.1
-- 產生時間： 2024-04-15 11:17:41
-- 伺服器版本： 10.4.32-MariaDB
-- PHP 版本： 8.2.12

SET SQL_MODE = "NO_AUTO_VALUE_ON_ZERO";
START TRANSACTION;
SET time_zone = "+00:00";


/*!40101 SET @OLD_CHARACTER_SET_CLIENT=@@CHARACTER_SET_CLIENT */;
/*!40101 SET @OLD_CHARACTER_SET_RESULTS=@@CHARACTER_SET_RESULTS */;
/*!40101 SET @OLD_COLLATION_CONNECTION=@@COLLATION_CONNECTION */;
/*!40101 SET NAMES utf8mb4 */;

--
-- 資料庫： `nightmarketv1`
--

-- --------------------------------------------------------

--
-- 資料表結構 `account`
--

CREATE TABLE `account` (
  `account_id` int(11) NOT NULL,
  `seller_id` int(11) DEFAULT NULL,
  `account` varchar(255) DEFAULT NULL,
  `password` varchar(255) DEFAULT NULL
) ENGINE=InnoDB DEFAULT CHARSET=utf8mb4 COLLATE=utf8mb4_general_ci;

--
-- 傾印資料表的資料 `account`
--

INSERT INTO `account` (`account_id`, `seller_id`, `account`, `password`) VALUES
(1, 1, '602132326', '0fb15585r'),
(2, 2, '480251818', '377a4312r'),
(3, 3, '705593887', 'c35b3bf9r'),
(4, 4, '0976331267', 'asd1234'),
(5, 5, '245992963', '425e1814r'),
(6, 6, '0987654321', 'asd1236'),
(7, 7, '222489595', 'a4c88586r'),
(8, 8, '967942913', 'e3f54753r'),
(9, 9, '388509281', '0a827dc7r'),
(10, 10, '670190396', 'a1d148b3r'),
(11, 11, '237034276', 'f0943e1cr'),
(12, 12, '471937959', 'c36b3992r'),
(13, 13, '833513020', '03eb550cr'),
(14, 14, '589306028', 'b3c25b9br'),
(15, 15, '695197628', '439706b0r'),
(16, 16, '0971353209', 'asd12316'),
(17, 17, '938239955', '384281c9r'),
(18, 18, '681550741', '5e57f59ar'),
(19, 19, '505304773', 'fcae8690r'),
(20, 20, '466834302', '1bb197a6r'),
(21, 21, '322109059', '190b51a8r'),
(22, 22, '918563689', '47abba76r'),
(23, 23, '553728830', '2a1fc4ear'),
(24, 24, '253774856', 'ca67408br'),
(25, 25, '838163073', 'b6e1e1c8r'),
(26, 26, '641124973', '953f6ee4r'),
(27, 27, '637907110', '135133d9r'),
(28, 28, '350110617', 'cef78427r'),
(29, 29, '910938017', 'd481bfa6r'),
(30, 30, '156827056', '5c4ab7a7r'),
(31, 31, '781272196', '860c660dr'),
(32, 32, '432728506', 'a1b7dfbar'),
(33, 33, '190392119', '1f3b9ac9r'),
(34, 34, '722894001', 'd06d69a2r'),
(35, 35, '021457225', 'e39c3a90r');

-- --------------------------------------------------------

--
-- 資料表結構 `achievement_category`
--

CREATE TABLE `achievement_category` (
  `achievement_id` int(11) DEFAULT NULL,
  `level_id` int(11) DEFAULT NULL,
  `clear_times` int(11) DEFAULT NULL,
  `get_point` int(11) DEFAULT NULL,
  `Achievement_name` text DEFAULT NULL
) ENGINE=InnoDB DEFAULT CHARSET=utf8mb4 COLLATE=utf8mb4_general_ci;

-- --------------------------------------------------------

--
-- 資料表結構 `balloon_data`
--

CREATE TABLE `balloon_data` (
  `balloon_id` int(11) NOT NULL,
  `balloon_type` varchar(255) NOT NULL,
  `broken_score` int(11) NOT NULL,
  `balloon_speed` float NOT NULL,
  `image` varchar(255) DEFAULT NULL
) ENGINE=InnoDB DEFAULT CHARSET=utf8mb4 COLLATE=utf8mb4_general_ci;

-- --------------------------------------------------------

--
-- 資料表結構 `bank_account`
--

CREATE TABLE `bank_account` (
  `account_id` int(11) NOT NULL,
  `seller_id` int(11) DEFAULT NULL,
  `account_number` varchar(255) DEFAULT NULL,
  `bank_code` int(11) DEFAULT NULL,
  `created_at` timestamp NOT NULL DEFAULT current_timestamp()
) ENGINE=InnoDB DEFAULT CHARSET=utf8mb4 COLLATE=utf8mb4_general_ci;

--
-- 傾印資料表的資料 `bank_account`
--

INSERT INTO `bank_account` (`account_id`, `seller_id`, `account_number`, `bank_code`, `created_at`) VALUES
(1, 1, '520221809', 898, '2024-03-31 10:23:38'),
(2, 1, '874623210', 740, '2024-03-31 10:23:38'),
(3, 1, '935844982', 589, '2024-03-31 10:23:38'),
(4, 2, '909446061', 925, '2024-03-31 10:23:38'),
(5, 2, '856870598', 579, '2024-03-31 10:23:38'),
(6, 2, '095527103', 890, '2024-03-31 10:23:38'),
(7, 3, '103179847', 893, '2024-03-31 10:23:38'),
(8, 3, '100673457', 871, '2024-03-31 10:23:38'),
(9, 3, '984177341', 414, '2024-03-31 10:23:38'),
(10, 4, '793308649', 927, '2024-03-31 10:23:38'),
(11, 4, '215268532', 387, '2024-03-31 10:23:38'),
(12, 4, '950324561', 814, '2024-03-31 10:23:38'),
(13, 5, '118750146', 290, '2024-03-31 10:23:38'),
(14, 5, '703332011', 892, '2024-03-31 10:23:38'),
(15, 5, '294557171', 847, '2024-03-31 10:23:38'),
(16, 6, '266598427', 858, '2024-03-31 10:23:38'),
(17, 6, '414355866', 588, '2024-03-31 10:23:38'),
(18, 6, '473375880', 763, '2024-03-31 10:23:38'),
(19, 7, '264939213', 202, '2024-03-31 10:23:38'),
(20, 7, '773462406', 573, '2024-03-31 10:23:38'),
(21, 7, '311333072', 979, '2024-03-31 10:23:38'),
(22, 8, '954167001', 854, '2024-03-31 10:23:38'),
(23, 8, '327175657', 209, '2024-03-31 10:23:38'),
(24, 8, '628834753', 800, '2024-03-31 10:23:38'),
(25, 9, '003279682', 714, '2024-03-31 10:23:38'),
(26, 9, '402801454', 969, '2024-03-31 10:23:38'),
(27, 9, '623710770', 297, '2024-03-31 10:23:38'),
(28, 10, '225291830', 521, '2024-03-31 10:23:38'),
(29, 10, '667148123', 936, '2024-03-31 10:23:38'),
(30, 10, '648188140', 506, '2024-03-31 10:23:38'),
(31, 11, '311241844', 282, '2024-03-31 10:23:38'),
(32, 11, '079902045', 812, '2024-03-31 10:23:38'),
(33, 11, '716962544', 289, '2024-03-31 10:23:38'),
(34, 12, '903170220', 895, '2024-03-31 10:23:38'),
(35, 12, '707571561', 898, '2024-03-31 10:23:38'),
(36, 12, '315327954', 922, '2024-03-31 10:23:38'),
(37, 13, '623087366', 436, '2024-03-31 10:23:38'),
(38, 13, '000708650', 893, '2024-03-31 10:23:38'),
(39, 13, '405678341', 445, '2024-03-31 10:23:38'),
(40, 14, '701510908', 420, '2024-03-31 10:23:38'),
(41, 14, '677602468', 386, '2024-03-31 10:23:38'),
(42, 14, '560849003', 863, '2024-03-31 10:23:38'),
(43, 15, '557709117', 319, '2024-03-31 10:23:38'),
(44, 15, '548832471', 109, '2024-03-31 10:23:38'),
(45, 15, '408435191', 108, '2024-03-31 10:23:38'),
(46, 16, '820776665', 168, '2024-03-31 10:23:38'),
(47, 16, '918840196', 428, '2024-03-31 10:23:38'),
(48, 16, '070974027', 332, '2024-03-31 10:23:38'),
(49, 17, '078945033', 657, '2024-03-31 10:23:38'),
(50, 17, '861189659', 502, '2024-03-31 10:23:38'),
(51, 17, '652098508', 927, '2024-03-31 10:23:38'),
(52, 18, '639164996', 494, '2024-03-31 10:23:38'),
(53, 18, '275248644', 154, '2024-03-31 10:23:38'),
(54, 18, '477239544', 283, '2024-03-31 10:23:38'),
(55, 19, '590313815', 404, '2024-03-31 10:23:38'),
(56, 19, '920806867', 630, '2024-03-31 10:23:38'),
(57, 19, '182506431', 231, '2024-03-31 10:23:38'),
(58, 20, '180360655', 518, '2024-03-31 10:23:38'),
(59, 20, '784294850', 573, '2024-03-31 10:23:38'),
(60, 20, '278356544', 831, '2024-03-31 10:23:38'),
(61, 21, '230120972', 740, '2024-03-31 10:23:38'),
(62, 21, '867089840', 280, '2024-03-31 10:23:38'),
(63, 21, '403618497', 473, '2024-03-31 10:23:38'),
(64, 22, '864943159', 171, '2024-03-31 10:23:38'),
(65, 22, '801353834', 792, '2024-03-31 10:23:38'),
(66, 22, '441234693', 909, '2024-03-31 10:23:38'),
(67, 23, '171274940', 243, '2024-03-31 10:23:38'),
(68, 23, '283111908', 943, '2024-03-31 10:23:38'),
(69, 23, '837652076', 438, '2024-03-31 10:23:38'),
(70, 24, '367382557', 737, '2024-03-31 10:23:38'),
(71, 24, '441400177', 172, '2024-03-31 10:23:38'),
(72, 24, '080160627', 242, '2024-03-31 10:23:38'),
(73, 25, '550450598', 349, '2024-03-31 10:23:38'),
(74, 25, '737116001', 867, '2024-03-31 10:23:38'),
(75, 25, '051148915', 728, '2024-03-31 10:23:38'),
(76, 26, '337785663', 634, '2024-03-31 10:23:38'),
(77, 26, '957587639', 104, '2024-03-31 10:23:38'),
(78, 26, '154094461', 778, '2024-03-31 10:23:38'),
(79, 27, '309506287', 356, '2024-03-31 10:23:38'),
(80, 27, '493769579', 653, '2024-03-31 10:23:38'),
(81, 27, '596065695', 220, '2024-03-31 10:23:38'),
(82, 28, '881322270', 104, '2024-03-31 10:23:38'),
(83, 28, '380532154', 899, '2024-03-31 10:23:38'),
(84, 28, '298210775', 844, '2024-03-31 10:23:38'),
(85, 29, '241215627', 752, '2024-03-31 10:23:38'),
(86, 29, '899200224', 390, '2024-03-31 10:23:38'),
(87, 29, '913863886', 642, '2024-03-31 10:23:38'),
(88, 30, '270612093', 591, '2024-03-31 10:23:38'),
(89, 30, '916855085', 952, '2024-03-31 10:23:38'),
(90, 30, '984738057', 174, '2024-03-31 10:23:38'),
(91, 31, '458327598', 139, '2024-03-31 10:23:38'),
(92, 31, '845582128', 186, '2024-03-31 10:23:38'),
(93, 31, '941112330', 476, '2024-03-31 10:23:38'),
(94, 32, '270895393', 188, '2024-03-31 10:23:38'),
(95, 32, '677001787', 182, '2024-03-31 10:23:38'),
(96, 32, '424975703', 866, '2024-03-31 10:23:38'),
(97, 33, '981522558', 418, '2024-03-31 10:23:38'),
(98, 33, '824147548', 153, '2024-03-31 10:23:38'),
(99, 33, '825100671', 952, '2024-03-31 10:23:38'),
(100, 34, '259585096', 511, '2024-03-31 10:23:38'),
(101, 34, '506211072', 244, '2024-03-31 10:23:38'),
(102, 34, '281744786', 935, '2024-03-31 10:23:38'),
(103, 35, '797251571', 280, '2024-03-31 10:23:38'),
(104, 35, '612077057', 512, '2024-03-31 10:23:38'),
(105, 35, '454200231', 907, '2024-03-31 10:23:38');

-- --------------------------------------------------------

--
-- 資料表結構 `character_data`
--

CREATE TABLE `character_data` (
  `character_id` int(11) NOT NULL,
  `content_type` varchar(255) NOT NULL,
  `content` varchar(255) NOT NULL,
  `character_image` varchar(255) DEFAULT NULL,
  `level_id` int(11) DEFAULT NULL
) ENGINE=InnoDB DEFAULT CHARSET=utf8mb4 COLLATE=utf8mb4_general_ci;

-- --------------------------------------------------------

--
-- 資料表結構 `clear_data`
--

CREATE TABLE `clear_data` (
  `clear_id` int(11) NOT NULL,
  `user_id` int(11) NOT NULL,
  `level_id` int(11) NOT NULL,
  `clear_score` int(11) NOT NULL,
  `play_date` datetime NOT NULL
) ENGINE=InnoDB DEFAULT CHARSET=utf8mb4 COLLATE=utf8mb4_general_ci;

-- --------------------------------------------------------

--
-- 資料表結構 `comment`
--

CREATE TABLE `comment` (
  `id` int(20) NOT NULL,
  `order_id` int(20) NOT NULL,
  `night_rating` int(5) NOT NULL,
  `store_rating` int(5) NOT NULL,
  `product_rating` int(5) NOT NULL,
  `photo` varchar(255) NOT NULL,
  `comment` varchar(100) NOT NULL,
  `datetime` datetime NOT NULL,
  `likes` int(255) NOT NULL
) ENGINE=InnoDB DEFAULT CHARSET=utf8mb4 COLLATE=utf8mb4_general_ci;

-- --------------------------------------------------------

--
-- 資料表結構 `custom`
--

CREATE TABLE `custom` (
  `custom_Id` int(10) NOT NULL,
  `custom_name` varchar(50) NOT NULL,
  `custom_sex` varchar(3) NOT NULL,
  `custom_descript` varchar(300) NOT NULL,
  `custom_year` datetime(6) DEFAULT NULL,
  `custom_image` longblob DEFAULT NULL,
  `custom_password` varchar(255) DEFAULT NULL,
  `custom_account` varchar(255) DEFAULT NULL,
  `google_uid` varchar(255) DEFAULT NULL,
  `photo_url` varchar(255) DEFAULT NULL,
  `custom_month` int(3) NOT NULL,
  `custom_date` int(3) NOT NULL,
  `custom_nickname` varchar(50) NOT NULL
) ENGINE=InnoDB DEFAULT CHARSET=utf8mb4 COLLATE=utf8mb4_general_ci;

--
-- 傾印資料表的資料 `custom`
--

INSERT INTO `custom` (`custom_Id`, `custom_name`, `custom_sex`, `custom_descript`, `custom_year`, `custom_image`, `custom_password`, `custom_account`, `google_uid`, `photo_url`, `custom_month`, `custom_date`, `custom_nickname`) VALUES
(1, '張紹涵', 'mda', '1', '2024-02-02 11:43:02.000000', NULL, 'acdaAe123', 'acdefac', NULL, NULL, 0, 0, ''),
(2, '王安石', 'mfa', '1', '2024-02-02 11:43:02.000000', NULL, 'CdaAe124', 'adfa', NULL, NULL, 0, 0, ''),
(3, '周潤發', 'de1', '1', '2024-02-02 11:43:02.000000', NULL, 'acdaAe125', 'vdfad', NULL, NULL, 0, 0, ''),
(4, '裝闊', 'mec', '1', '2024-02-02 11:43:02.000000', NULL, 'acdaAe126', 'ewewef', NULL, NULL, 0, 0, ''),
(5, '梁文因', 'mcd', '1', '2024-02-02 11:43:02.000000', NULL, 'acdaAe127', 'amdey', NULL, NULL, 0, 0, ''),
(6, '周小小', 'mdw', '1', '2024-02-02 11:43:02.000000', NULL, 'acdaAe128', 'deaefm', NULL, NULL, 0, 0, ''),
(7, '王永慶', 'dfl', '1', '2024-02-02 11:43:02.000000', NULL, 'acdaAe129', 'calde', NULL, NULL, 0, 0, ''),
(8, '張伯勳', 'dac', '1', '2024-02-02 11:43:02.000000', NULL, 'acdaAe130', 'lafcm', NULL, NULL, 0, 0, ''),
(9, '林俊傑', 'dac', '1', '2024-02-02 11:43:02.000000', NULL, 'acdaAe131', 'aewek', NULL, NULL, 0, 0, ''),
(10, '黃以林', 'acd', '1', '2024-02-02 11:43:02.000000', NULL, 'acdaAe132', 'lqedaf', NULL, NULL, 0, 0, ''),
(11, '將萬安', 'dca', '1', '2024-02-02 11:43:02.000000', NULL, 'acdaAe133', 'dowe', NULL, NULL, 0, 0, ''),
(12, '柯文哲', 'dac', '1', '2024-02-02 11:43:02.000000', NULL, 'acdaAe134', 'dmae', NULL, NULL, 0, 0, ''),
(13, '林光頭', 'dad', '1', '2024-02-02 11:43:02.000000', NULL, 'acdaAe135', 'amcae', NULL, NULL, 0, 0, ''),
(14, '周杰倫', 'fav', '1', '2024-02-02 11:43:02.000000', NULL, 'acdaAe136', 'epafd', NULL, NULL, 0, 0, ''),
(15, '周曉倫', 'dac', '1', '2024-02-02 11:43:02.000000', NULL, 'acdaAe137', 'amadle', NULL, NULL, 0, 0, ''),
(16, '周曉曉', 'dac', '1', '2024-02-02 11:43:02.000000', NULL, 'acdaAe138', 'aopeqe', NULL, NULL, 0, 0, ''),
(17, '琦君', 'dac', '1', '2024-02-02 11:43:02.000000', NULL, 'acdaAe139', 'afjma', NULL, NULL, 0, 0, ''),
(18, '蔡依林', 'dac', '1', '2024-02-02 11:43:02.000000', NULL, 'acdaAe140', 'aofijael', NULL, NULL, 0, 0, ''),
(19, '蔡英文', 'dad', '1', '2024-02-02 11:43:02.000000', NULL, 'acdaAe141', 'almflae', NULL, NULL, 0, 0, ''),
(20, '李連杰', 'nfr', '1', '2024-02-02 11:43:02.000000', NULL, 'acdaAe142', 'smfpe', NULL, NULL, 0, 0, ''),
(21, '李延義', 'dac', '1', '2024-02-02 11:43:02.000000', NULL, 'acdaAe143', 'afmla', NULL, NULL, 0, 0, ''),
(22, '劉冠良', 'daa', '1', '2024-02-02 11:43:02.000000', NULL, 'acdaAe144', 'dlamfdl', NULL, NULL, 0, 0, ''),
(23, '林俊毅', 'dac', '1', '2024-02-02 11:43:02.000000', NULL, 'acdaAe145', 'dfamlfe', NULL, NULL, 0, 0, ''),
(24, '王金娟', 'dad', '1', '2024-02-02 11:43:02.000000', NULL, 'acdaAe146', 'almflae', NULL, NULL, 0, 0, ''),
(25, '林鳳珠', 'htd', '1', '2024-02-02 11:43:02.000000', NULL, 'acdaAe147', 'ldkf', NULL, NULL, 0, 0, ''),
(26, '黃美秋', 'iut', '1', '2024-02-02 11:43:02.000000', NULL, 'acdaAe148', 'faem', NULL, NULL, 0, 0, ''),
(27, '楊俊彥', 'dac', '1', '2024-02-02 11:43:02.000000', NULL, 'acdaAe149', 'mdaea', NULL, NULL, 0, 0, ''),
(28, '陳靜揚', 'd54', '1', '2024-02-02 11:43:02.000000', NULL, 'acdaAe150', 'mewf', NULL, NULL, 0, 0, ''),
(29, '富昱薇', 'bds', '1', '2024-02-02 11:43:02.000000', NULL, 'acdaAe151', 'dapw', NULL, NULL, 0, 0, ''),
(30, '張倩彥', 'fda', '1', '2024-02-02 11:48:26.000000', 0xffd8ffe000104a46494600010100000100010000ffdb008400090607131211121312131515121615171a191817181516181a181816181618171515181d2820191a251b171621312125292b302e2e171f3338332c37282d2e2b010a0a0a0e0d0e1a1010172d1d20262d2f2d2f2d2d2d2d2d2d2d2e2d2b2d2d2d2d2d2d2d2d2d2d2d2d2d2b2d2d2d2d352d2d2d2d2d2f2d2d2d2e2b2e2d2e2d352dffc0001108012f00a603012200021101031101ffc4001b00010003010101010000000000000000000001020503040607ffc4003810000201010407080201020603000000000001021103213141045161718191a105122232b1c1d1f013e1f182b22333425272c24392a2ffc4001a010101010101010100000000000000000000010504020603ffc40029110100020200050304020300000000000000010203041112132131054151718191b13361222332ffda000c03010002110311003f00fdc4000000000000000000000000000449d155dc919d69dacabe18b6b5b74e4b1e7438769695df7dd5e54efdad7b2f5dc674ed31a5e963f0b6997b3bb316e5c7f91f47a2e951b45762b14f14773e6ece6e2d4a2e8d7da3d68d9d074f8da2d52d5af6c5e68fdf5b6e327f8dbb4fec7ac007680000000000000000000000001c748d26305e274d4b16f723876869bdcf0c7cefa2d6cc76eadb6eade2de2716cee4639e5af791edb7ed39bf2f856da37f0ba9e6969f68d77652a57524abc57e8e656d1aa5f81976d9cb6f3695e089c6ea2fbb098bbae1675a2a94b27935474aef79f5f53f014ee24ef554b656e6db545d391d2d25755529ce9b684d9e2deda705fba93dc55ad1540eb0b7b44bcf2e75f5353b2f4994fbca57b54bf0b9d71e4cc8161a63b39785c6f5475bf0bd60d531675ebeccd2f13699e03e941cb459ca504e4a8de5e97657640dc89e31c51d40050000000000000396936ca11727965ade4b99d4c5ed8b76e6a2b08e3b5b5ecbd4fc3632f4b1cdbf03c368e4db93756dd5e1d3861b9131927f7d84655d8f515b48e0d629fdbcf9f9999eeae8735e67b953a92ad171d4c4a38358905caca29e2aa445bad197288483655cf257bfb8b23b95c5f0cbf64050efca292ad6ab34ab77b266f689a04614ce5af57fc56478fb1eceb294b524971c7d17335cd7d1c158af5263bca0003440000000000000038697a4ab38d5def25ad92d68ac71915d374a5671d72782f77b0f9dfcaf09349b79bab6dbc52a66cf45ada39372962fed16c39ce355430b6b62735bb788f0aabb2bd3ef3e9f07439f7e9e6e693a7e8e87288946a56cdd56dbd722e739dcd3e0f8e1d7d4037495faa8b7d7deee45a534b12b6de57f78168c12fe5bf5022c5522b71700a34bb15f9d6d4f9aa7b334cc3ecdb5eeda2d52b9efc575bbfa8dc3734af16c511f08000eb000000000000112745578181a55bfe49396584777cbc796a3d1da7a6f79bb38e0b17ae8f05b13c7ed7c4646eec734f257c4795800067aa96be57b8b5035529f8a3a971bdf364474224ab89c9b516b049e587144a7de6f52ebfafd80b08aa573abbf1cf5e67500a0000a9b34dca2963de8d39a75e18f03e90caec8b0ab737ba3eefdb83354dad1c735c7c67dde4001da00000000078fb4f48ee468bcd2b96c59bfb9b47b0c1d3adbbf692792f0ae18f5af2472ede5e9e3ede67b0f2ca175d7530d8233c9dcfee0f32e4355c4c1549495a258b4428b583bb6df4dc5a11a576ff004a75c0aca592c7a2fba83b35abe39164a980158c2fab75e5ec251beab1e858aca692af2dbb1015efb4ef55bb2cbe732ca699308d37e64c9571029f96f7a9678de5d3ae17d6e5bddcba9118d1511e8eceb052b58ba797c4fd1578dfc19fa63a4def15f91b96366a3151582542e01f4711c3b20002800000044a4926ddc962079bb4749ee42ef33b97cf0f8d66059d55da92fbd0f46936ee72727c16a5f39ff000709c706b15f6860ede7eadfb788f0ab829193ab4f675fe0b9cca0394db7549e0baeafbac95079c9f4f82225da2def65e4775bc5f0577379978aa12073959c526daad35def9b1085f569274cbdde781729659eaaddf7781d0005512c92ab7725b4ddd0746fc71a63277b7b766c467f6459a7393ff6a54feaaaaf25d4d835b430c457a93e65e64001a200000000065f6be91ff8d6f97b2f7fe4f7e936ca11727965ade4b99f3ee4db6ddedbabde706f67e4af24799fd0000c77a71b48f895ed3a637e5d33cf596f16c7cd7c931c5bd577bfbf42e445611a2a1600aa0000a5a61be8b9ba1648adae5bd7ad7dba97220002abd7d92ffc5df175e0d53d5f3368cbec6b3be72dd15eafd572350dcd2acc618e2f2000eb0000000f1f69e91dd85179a572d8b37f7368f37bc52b369f619fda9a439ca917e18bde9cb06f861ccf1d25ad727f259224f9dcb92725a6d2aa5fb1f41f916de4cb83f31c7f251efcaf4f555278ac0ec739799717edee7400002a800039e32dd4e77d78d29cce8523736b2c79fdf52e44086c93b68565deb48ac9789ee5fba1ee959bda2b1ee36342b1ee4231ce97ef77beacee01f49588ac444200028000018bdab3ada53fda92e2ef7d3bbc8da3e7bb45b56d6975de1dfe5596a387d427862fb8e65653a6fd5995fc95f2dfaefa70c0984699d5eb3154ef3d5cdfc5446793b9faee61da259fc7164b49ed405655ad695bb8f5e1c88568eaea9f0bcb7e25ab9553e68461475ab02d19549290c65c3d1172a843624e85316aec2b8addac889b3cdebc372faf99700aa1a5d8b67e796d4b92afbf4334dbecb8d2ca3b6af9b6fdcedd0af1cbc7e2125ea001b4800000000187da7fe6cb72f4370f9fd3ed17e69adabfb56070fa84ff00aa3ea3910c894a85559e72bdf3a6c462aab14d51552f57c1fece918d125a87e35a972456caeb9f0ddfaf803a005652a1555b454bead65752f223096726b65cfd8b45377be0b56fda5888e747de55be97f3bb0d7762753959dd73c5e78d7e371d40000aaa39ea55a703e8741ff2acff00e11f447ced9d5d699ba476b7fba9f4f670a24b524b91a5e9b1ded2f2b000d50000000003e6edfc529377a72972aba74a1f41a45af761296a4df247ce415125b0ccf51b7fcd48230a6be379600cb7a0e6bccf72f57fa3a159453c527bc22939a6d2ae74b9dfd0b46cd2bf17ad90955ec5ebfabce840292964b1e8bf7b0b9cecb0aeb75f65d10112852fbdb5f5aa605e334f069962b282788162968f2cdddf3d0883a5cf86d5f24ffab72f57fa0343b22c2b272ca172ded7b2fee360f0f63aff000ebae52e8fbbec7b8dfd4a45715787bf7fca0003a4000000006676dda35dd5845d5bdea945eaf81987d2ca29e2ab9f132bb534451f1c552ae8d657e7bebea666e6b5a667244fd87800065bd05272c963e9b589bc962fa2d64c62960444c55150900aa14b1f2adc88b4beed69fb2bb997222400554495712aa2955dfd5973d3d9da3f7e757e58def7e4bdf82d67bc78e725a2b08d5d0ac7b96718bc697ef77bead9dc03e8eb1158888400050000000003c9dad1ad94a9951f0524df44cf590d5713cdebcd59afc8f98f16c5cdfc0a3d6b82f9677d26c7b9271c961b9e1f1c0e67cddab35998955230a66defa172b68e8aec72de47e3daf99e443b4d8e9af2255a2fa9d39964852ea64073b49a4d5eb573a5e7528eceea7eefad6f10956b5c9817001553083934a2aadfdabd48ded12c1422a2b8bd6f3679fb22ca90ef67275e0ae5c33e27b8dad3d78a579e7ccbc8003b4000000000000000066f6d42e84b6b5c1aaffd51986f69b61df838ac715bd5e8c0fbf2998dbf4e1939be5615b4cb7ff3d2a5ca4bccb73e777c32e7000052d1dd762eefd954efd705c5dc898468b9f575252a5c49110cf668fd9b2979bc31ff00ebf5f6e3a7645855b9bcae8efcdfb73358d3d5d3adab17bfe0446292495c91201aa80000000000000000000019bda5a157c7057ffa96bdab6eccfd7481f9e5c55c95e5b0f96ad5ad97f3aa5ee7435f4becd8c9b947c3278ea7bd7bfa9976d63283a49536e29ee66266d5be2f3de3e554296993d4ff005ee5cacd5ceb76dd5b4e716224c8b37547a341b2ef5a4564bc4ffa70eb43d52b37b4563dc6d68b65dc8463a95fbf37cea7500fa488888e108000a000000000000000000000000056d2cd49352554cb01e47cfe97a3bb395314ef4f5adbb57c1c271aae5d1d4dfd3b47efc1aff52bd6ff00de1c4c14cc2dbc1d2bf6f12b0884aabeeb34fb161e796e5c955faae464f75a6e946b5614c30eba8daec4f24b2f1bfed8974638e681a0003710000000000000000000000000000000003e7f4c8776d26b6d79aef3ead9f406069b69deb49bdb4ffd6e7d6a707a870e9c7d4871357b1bc92ff9ff00d62651add8d1f049eb93e8947d5339343f97ecb2f7800da4000000000000000000000000000000000c1d3aca96ad46aeb474db26eee7ea6f1ce561172526bc4b07f789cfb183ab588fec6042159a8cab1f124f5aafcddccfa1b3828a492a2471d2f428da79aa9eb5733d079d6d7e8cdbdffbf70001d4000000000000000000003fffd9, 'acdaAe152', 'afmla', NULL, NULL, 0, 0, ''),
(31, '權凱聿', 'dac', '1', '2024-02-02 11:43:02.000000', NULL, 'acdaAe153', 'amcad', NULL, NULL, 0, 0, ''),
(32, '邱宜靜', 'dad', '1', '2024-02-02 11:43:02.000000', NULL, 'acdaAe154', 'acme', NULL, NULL, 0, 0, ''),
(33, '陳志玟', 'fsd', '1', '2024-02-02 11:43:02.000000', NULL, 'acdaAe155', 'aewmfa', NULL, NULL, 0, 0, ''),
(34, '藍水年', 'afd', '1', '2024-02-02 11:43:02.000000', NULL, 'acdaAe156', 'afekw', NULL, NULL, 0, 0, '');

-- --------------------------------------------------------

--
-- 資料表結構 `discount_category`
--

CREATE TABLE `discount_category` (
  `id` int(11) NOT NULL,
  `min_amount` int(11) NOT NULL,
  `discount` int(11) NOT NULL,
  `name` varchar(30) NOT NULL
) ENGINE=InnoDB DEFAULT CHARSET=utf8mb4 COLLATE=utf8mb4_general_ci;

-- --------------------------------------------------------

--
-- 資料表結構 `favorite_product`
--

CREATE TABLE `favorite_product` (
  `favorite_id` int(11) NOT NULL,
  `product_id` int(11) NOT NULL,
  `custom_id` int(11) NOT NULL,
  `created_at` timestamp NOT NULL DEFAULT current_timestamp() ON UPDATE current_timestamp()
) ENGINE=InnoDB DEFAULT CHARSET=utf8mb4 COLLATE=utf8mb4_general_ci;

-- --------------------------------------------------------

--
-- 資料表結構 `favorite_store`
--

CREATE TABLE `favorite_store` (
  `favorite_id` int(11) NOT NULL,
  `product_id` int(11) NOT NULL,
  `custom_id` int(11) NOT NULL,
  `created_at` timestamp NOT NULL DEFAULT current_timestamp() ON UPDATE current_timestamp()
) ENGINE=InnoDB DEFAULT CHARSET=utf8mb4 COLLATE=utf8mb4_general_ci;

-- --------------------------------------------------------

--
-- 資料表結構 `game_data`
--

CREATE TABLE `game_data` (
  `level_id` int(11) NOT NULL,
  `time_limit` int(11) NOT NULL,
  `require_score` int(11) NOT NULL,
  `level_name` varchar(255) NOT NULL
) ENGINE=InnoDB DEFAULT CHARSET=utf8mb4 COLLATE=utf8mb4_general_ci;

-- --------------------------------------------------------

--
-- 資料表結構 `market_data`
--

CREATE TABLE `market_data` (
  `market_id` int(20) NOT NULL,
  `market_name` varchar(20) NOT NULL,
  `latitude_and_longitude` varchar(100) NOT NULL,
  `market_introduction` varchar(200) NOT NULL,
  `market_transportation` varchar(20) NOT NULL,
  `market_img` varchar(255) NOT NULL
) ENGINE=InnoDB DEFAULT CHARSET=utf8mb4 COLLATE=utf8mb4_general_ci;

--
-- 傾印資料表的資料 `market_data`
--

INSERT INTO `market_data` (`market_id`, `market_name`, `latitude_and_longitude`, `market_introduction`, `market_transportation`, `market_img`) VALUES
(1, '士林夜市', '25.0882, 121.5262', '士林夜市位於台北市士林區，是台灣最著名的夜市之一。夜市內有各式各樣的台灣小吃，如珍珠奶茶、蚵仔煎、大腸包小腸、牛肉麵等，還有各種遊戲攤位和流行服飾店。夜市不僅吸引本地遊客，也是許多外國遊客來台必訪的景點。', '', '士林夜市.jpg'),
(2, '逢甲夜市', '24.1790, 120.6462', '逢甲夜市位於台中市西屯區，靠近逢甲大學，是中台灣最熱門的夜市之一。這裡的小吃非常多樣，從台灣傳統美食到創新小吃應有盡有，如臭豆腐、鴨血、泡泡茶、芋圓等，還有許多手工藝品和流行服飾店。夜市熱鬧非凡，每到假日人潮擁擠。', '', '逢甲夜市.jpg'),
(3, '羅東夜市', '24.6769, 121.7694', '羅東夜市位於宜蘭縣羅東鎮，是東部地區非常著名的夜市。這裡的小吃以地方特色為主，例如宜蘭著名的扁食、蔥油餅、米粉湯等，也有許多當地特產可以選購。夜市環境整潔，攤販種類豐富，是宜蘭夜晚的重要去處。', '', '羅東夜市.jpg'),
(4, '花園夜市', '22.9922, 120.2073', '花園夜市位於台南市，是南部地區最大且最受歡迎的夜市之一。這裡的美食攤位琳瑯滿目，包括了台南特色的擔仔麵、牛肉湯、鹹粥、炸蝦等。除了美食，還有許多售賣時尚服飾、配件的攤位，以及各種娛樂遊戲攤，每週都吸引大量遊客前來。', '', '花園夜市.jpg'),
(5, '饒河街夜市', '25.0509, 121.5773', '饒河街夜市位於台北市松山區，是台北市內一條非常有名的夜市。夜市以美食聞名，有許多著名的小吃，如胡椒餅、鹹水雞、豬血糕等。此外，夜市還設有服飾、配件攤販和遊戲攤，適合各種年齡層的人。', '', '饒河街夜市.jpg'),
(6, '寧夏夜市', '25.0566, 121.5156', '寧夏夜市位於台北市大同區，是一條具有濃厚傳統風味的夜市。這裡的小吃種類繁多，包括牛肉麵、臭豆腐、甜不辣、蚵仔煎等台灣傳統美食，還有各式甜品和飲料。夜市氛圍熱鬧，是體驗台北夜生活的好去處。', '', '寧夏夜市.jpg'),
(7, '六合夜市', '22.6333, 120.3022', '六合夜市位於高雄市新興區，是南台灣非常知名的夜市。以海鮮小吃聞名，如海鮮粥、蚵仔煎、魚丸湯等，此外還有許多傳統台灣小吃和創意美食。夜市不僅提供豐富的美食選擇，還有遊戲攤位和小商品攤，是高雄夜晚的熱門景點。', '', '六合夜市.jpg'),
(8, '東門夜市', '22.9850, 120.2330', '東門夜市位於台南市中西區，是台南一個具有歷史意義的夜市。夜市內的美食多樣，包含了許多台南特色小吃，如棺材板、牛肉湯、意麵等。除了傳統美食，這裡還有手工藝品攤販和流行服飾店。東門夜市是探索台南夜生活的絕佳選擇。', '', '東門夜市.jpg'),
(9, '景美夜市', '25.0024, 121.5402', '景美夜市位於台北市文山區，雖然規模不大，但以平價美食和親民氛圍受到當地居民和學生的喜愛。夜市提供各式各樣的台灣小吃，如滷肉飯、珍珠奶茶、蔥油餅等，還有許多售賣流行服飾和生活用品的小店。', '', '景美夜市.jpg'),
(10, '延三夜市', '25.0572, 121.5246', '延三夜市位於台北市大同區，近年來以文青市集和手工藝品聞名，成為一個新興的夜市選擇。夜市不僅有傳統小吃攤販，還有許多賣手作藝品、二手書和獨立設計商品的小店，提供了一個獨特的購物和美食體驗。', '', '延三夜市.jpg');

-- --------------------------------------------------------

--
-- 資料表結構 `one_time_password`
--

CREATE TABLE `one_time_password` (
  `id` int(11) NOT NULL,
  `user_id` int(11) NOT NULL,
  `email` int(11) NOT NULL,
  `token` int(11) NOT NULL,
  `exp_timestamp` int(11) NOT NULL,
  `created_at` int(11) NOT NULL,
  `updated_at` int(11) NOT NULL
) ENGINE=InnoDB DEFAULT CHARSET=utf8mb4 COLLATE=utf8mb4_general_ci;

-- --------------------------------------------------------

--
-- 資料表結構 `order_data`
--

CREATE TABLE `order_data` (
  `sid` int(11) NOT NULL,
  `order_id` int(11) NOT NULL,
  `coustom_id` int(11) NOT NULL,
  `seller_id` int(11) NOT NULL,
  `discount_category_id` int(11) NOT NULL,
  `consume_gamepoint` int(11) NOT NULL,
  `total_sum` int(11) NOT NULL,
  `payment_date` timestamp NOT NULL DEFAULT current_timestamp() ON UPDATE current_timestamp()
) ENGINE=InnoDB DEFAULT CHARSET=utf8mb4 COLLATE=utf8mb4_general_ci;

-- --------------------------------------------------------

--
-- 資料表結構 `order_detail`
--

CREATE TABLE `order_detail` (
  `order_id` int(11) NOT NULL,
  `product_id` int(11) NOT NULL,
  `purchase_quantity` int(11) NOT NULL
) ENGINE=InnoDB DEFAULT CHARSET=utf8mb4 COLLATE=utf8mb4_general_ci;

-- --------------------------------------------------------

--
-- 資料表結構 `payment`
--

CREATE TABLE `payment` (
  `payment_id` int(11) NOT NULL,
  `payment_mode` varchar(20) NOT NULL
) ENGINE=InnoDB DEFAULT CHARSET=utf8mb4 COLLATE=utf8mb4_general_ci;

-- --------------------------------------------------------

--
-- 資料表結構 `products`
--

CREATE TABLE `products` (
  `product_id` int(11) NOT NULL,
  `category` varchar(255) DEFAULT NULL,
  `product_name` varchar(255) DEFAULT NULL,
  `product_description` text DEFAULT NULL,
  `image_url` varchar(255) DEFAULT NULL,
  `price` int(20) DEFAULT NULL,
  `stock_quantity` int(11) DEFAULT NULL,
  `created_at` date DEFAULT NULL,
  `status` tinyint(1) NOT NULL DEFAULT 0,
  `category_id` int(11) DEFAULT NULL,
  `favorite_count` int(11) DEFAULT NULL,
  `product_ingredient` text DEFAULT NULL,
  `product_nutrition` text DEFAULT NULL,
  `seller_id` int(11) DEFAULT NULL
) ENGINE=InnoDB DEFAULT CHARSET=utf8mb4 COLLATE=utf8mb4_general_ci;

--
-- 傾印資料表的資料 `products`
--

INSERT INTO `products` (`product_id`, `category`, `product_name`, `product_description`, `image_url`, `price`, `stock_quantity`, `created_at`, `status`, `category_id`, `favorite_count`, `product_ingredient`, `product_nutrition`, `seller_id`) VALUES
(1, '點心', '可麗餅', '酥脆可口的可麗餅', '可麗餅.jpg', 50, 51, '2024-01-08', 1, 1, 0, '麵粉、麵粉、雞蛋、鹽', '(100克)卡路里:約300大卡，含糖量:約10g', 4),
(2, '飲料', '珍珠奶茶', '香濃奶茶搭配Q彈珍珠', '珍珠奶茶.jpg', 100, 80, '2024-01-21', 1, 2, 0, '牛奶、紅茶、珍珠', '(500毫升)卡路里:約500大卡，含糖量:約50g', 4),
(3, '甜品', '豆花', '簡單的自然豆香，軟綿的口感', '豆花.jpg', 40, 81, '2024-01-22', 1, 3, 0, '黃豆、水', '(200克)卡路里:約150大卡，含糖量:約10g', 16),
(4, '湯品', '玉米濃湯', '口感濃郁滑順，具有玉米的香甜味', '玉米濃湯.jpg', 40, 82, '2024-01-23', 1, 4, 0, '玉米、蔬菜、碎肉、高湯、調味料', '(240毫升)卡路里:約250大卡，含糖量:約10g', 16),
(5, '小吃', '生煎包', '外皮酥脆，內餡多汁可口', '生煎包.jpg', 30, 83, '2024-01-24', 1, 5, 0, '面粉、水、酵母、絞肉、蔬菜、油、調味料', '(100克)卡路里:約300大卡，含糖量:約5g', 16),
(6, '主食', '炒麵', '口感豐富，每一口都鹹香夠味', '炒麵.jpg', 70, 84, '2024-01-25', 1, 6, 0, '麵條、蔬菜、碎肉、調味料、油', '(200克)卡路里:約500大卡，含糖量:約10g', 16),
(7, '點心', '烤玉米', '鹹香醬料搭配粒粒分明的玉米粒', '烤玉米.jpg', 60, 85, '2024-01-26', 1, 1, 0, '玉米、醬料', '(125克)卡路里:約200大卡，含糖量:約5g', 4),
(8, '飲料', '西瓜汁', '清涼解渴簡單美味的西瓜汁', '西瓜汁.jpg', 40, 86, '2024-01-27', 1, 2, 0, '西瓜、糖、水', '(240毫升)卡路里:約100大卡，含糖量:約10g', 4),
(9, '甜品', '冰淇淋', '濃密奶香，口感綿密', '冰淇淋.jpg', 50, 87, '2024-01-28', 1, 3, 0, '奶油、牛奶、糖、雞蛋、香草香料', '(100克)卡路里:約300大卡，含糖量:約20g', 16),
(10, '湯品', '豬血湯', '軟軟的口感配清淡高湯的簡單滋味', '豬血湯.jpg', 40, 88, '2024-01-29', 1, 4, 0, '豬血、鹽、蔬菜、水', '(300毫升)卡路里:約300大卡，含糖量:約0g', 6),
(11, '小吃', '炸雞排', '酥炸鹹香爽脆口感使雞肉更富滋味', '炸雞排.jpg', 100, 89, '2024-01-30', 1, 5, 0, '雞肉、鹽、調味料、麵粉', '(200克)卡路里:約600大卡，含糖量:約5g', 6),
(12, '主食', '煎餃', '焦香脆脆口感搭配內餡肉汁', '煎餃.jpg', 70, 51, '2024-01-31', 1, 6, 0, '麵粉、水、肉餡、調味料、油', '(150克)卡路里:約300大卡，含糖量:約5g', 16),
(13, '點心', '雞蛋糕', '鬆軟綿密的小蛋糕', '雞蛋糕.jpg', 50, 52, '2024-01-08', 1, 1, 0, '雞蛋、麵粉、砂糖、泡打粉', '(100克)卡路里:約300大卡，含糖量:約30g', 4),
(14, '飲料', '檸檬愛玉', '酸甜口感加上清涼愛玉的絕妙搭配', '檸檬愛玉.jpg', 70, 53, '2024-01-08', 1, 2, 0, '愛玉、檸檬、糖、水', '(200克)卡路里:約200大卡，含糖量:約10g', 16),
(15, '甜品', '芋圓冰', 'Q軟芋圓搭配消暑解渴的碎冰', '芋圓冰.jpg', 50, 54, '2024-01-08', 1, 3, 0, '芋圓、冰塊、糖水', '(300克)卡路里:約400大卡，含糖量:約30g', 4),
(16, '湯品', '羊肉湯', '可口肉片搭配高湯的絕妙滋味', '羊肉湯.jpg', 100, 55, '2024-01-08', 1, 4, 0, '羊肉、蔬菜、調味料、水、鹽', '(300毫升)卡路里:約300大卡，含糖量:約0g', 4),
(17, '小吃', '燒烤', '沾滿醬料及炭香的可口肉串', '燒烤.jpg', 50, 56, '2024-01-08', 1, 5, 0, '肉塊、蔬菜、調味料', '(100克)卡路里:約150大卡，含糖量:約5g', 4),
(18, '主食', '炒飯', '鹹香肉味溶入粒粒分明的米飯', '炒飯.jpg', 70, 57, '2024-01-08', 1, 6, 0, '肉末、蔬菜、醬油、米飯', '(200克)卡路里:約400大卡，含糖量:約5g', 16),
(19, '點心', '燒仙草', '黑糖香味，軟綿口感的點心', '燒仙草.jpg', 50, 58, '2024-01-08', 1, 1, 0, '仙草葉、糖、水', '(200克)卡路里:約150大卡，含糖量:約10g', 6),
(20, '飲料', '水果牛奶', '各類水果的香甜融入了奶香', '水果牛奶.jpg', 70, 59, '2024-01-08', 1, 2, 0, '水果、牛奶、糖、水', '(240毫升)卡路里:約150大卡，含糖量:約20g', 4),
(21, '甜品', '紅豆湯', '粒粒分明的紅豆融入了糖水簡單養生的味道', '紅豆湯.jpg', 50, 60, '2024-01-08', 1, 3, 0, '紅豆、糖、水', '(300毫升)卡路里:約200大卡，含糖量:約10g', 16),
(22, '湯品', '酸辣湯', '酸酸辣辣的獨特口感的湯品', '酸辣湯.jpg', 50, 61, '2024-01-08', 1, 4, 0, '高湯、豆腐、肉末、雞蛋、醋、調味料', '(300毫升)卡路里:約150大卡，含糖量:約3g', 16),
(23, '小吃', '蚵仔煎', '酥脆外皮加上鮮嫩多汁生蚵的海鮮小吃', '蚵仔煎.jpg', 70, 62, '2024-01-08', 1, 5, 0, '生蠔、蛋、蔬菜、調味料、麵糊', '(200克)卡路里:約400大卡，含糖量:約3g', 16),
(24, '主食', '牛排', '油而不膩，滿肉汁水過癮的主食', '牛排.jpg', 200, 63, '2024-01-08', 1, 6, 0, '牛肉、蔬菜、調味料、麵條', '(200克)卡路里:約450大卡，含糖量:約1g', 16),
(25, '點心', '炸雞腿', '酥炸鹹香爽脆口感使雞腿肉更富滋味', '炸雞腿.jpg', 50, 64, '2024-01-08', 1, 1, 0, '雞肉、鹽、調味料、麵粉', '(150克)卡路里:約450大卡，含糖量:約4g', 6),
(26, '飲料', '果汁', '清涼解渴水果風味的飲料', '果汁.jpg', 70, 65, '2024-01-08', 1, 2, 0, '水果、水、糖', '(100克)卡路里:約150大卡，含糖量:約20g', 16),
(27, '甜品', '杯子蛋糕', '鬆軟綿密的小蛋糕', '杯子蛋糕.jpg', 30, 66, '2024-01-08', 1, 3, 0, '麵粉、糖、蛋、鹽、牛奶、香料', '(50克)卡路里:約200大卡，含糖量:約10g', 16),
(28, '湯品', '餛飩湯', '鹹香的肉湯', '餛飩湯.jpg', 50, 67, '2024-01-08', 1, 4, 0, '餛飩、蔬菜、鹽、水', '(300毫升)卡路里:約150大卡，含糖量:約5g', 16),
(29, '小吃', '滷味', '醬油香醬料搭配各種食材的獨特口感', '滷味.jpg', 100, 68, '2024-01-08', 1, 5, 0, '肉、蛋、蔬菜、澱粉、滷汁', '(100克)卡路里:約200大卡，含糖量:約2g', 4),
(30, '主食', '滷肉飯', '碎肉肉汁淋上白飯的簡單美味', '滷肉飯.jpg', 30, 69, '2024-01-08', 1, 6, 0, '肉末、調味料、滷汁、白飯', '(300克)卡路里:約500大卡，含糖量:約5g', 16),
(31, '點心', '糖葫蘆', '水果加上糖衣的絕妙搭配', '糖葫蘆.jpg', 50, 70, '2024-01-08', 1, 1, 0, '水果、糖', '(100克)卡路里:約150大卡，含糖量:約15g', 16),
(32, '飲料', '芋頭牛奶', '芋香加上香濃牛奶', '芋頭牛奶.jpg', 80, 71, '2024-01-08', 1, 2, 0, '芋頭、牛奶、糖、水', '(240毫升)卡路里:約200大卡，含糖量:約15g', 16),
(33, '甜品', '豆沙包', '中式的豆類甜點', '豆沙包.jpg', 50, 72, '2024-01-08', 1, 3, 0, '麵粉、酵母、糖、豆沙餡、油', '(100克)卡路里:約250大卡，含糖量:約15g', 6),
(34, '湯品', '綠豆湯', '粒粒分明的綠豆搭配糖水，清涼解渴', '綠豆湯.jpg', 40, 73, '2024-01-08', 1, 4, 0, '綠豆、水、糖', '(300毫升)卡路里:約150大卡，含糖量:約3g', 6),
(35, '小吃', '香腸', '碳烤香味的肉製品小吃', '香腸.jpg', 50, 70, '2024-01-08', 1, 5, 0, '豬絞肉、調味料', '(100克)卡路里:約250大卡，含糖量:約10g', 16),
(36, '主食', '小火鍋', '各式食材融入湯料的經典主食', '小火鍋.jpg', 150, 71, '2024-01-08', 1, 6, 0, '肉、蔬菜、澱粉、調味料、水、高湯', '(1000毫升)卡路里:約800大卡，含糖量:約2g', 4),
(37, '點心', '地瓜球', '地瓜風味的酥脆爽口小點心', '地瓜球.jpg', 50, 72, '2024-01-08', 1, 1, 0, '地瓜、糖、地瓜粉、油', '(100克)卡路里:約150大卡，含糖量:約10g', 16),
(38, '飲料', '汽水', '刺激味蕾的冰涼糖水', '汽水.jpg', 30, 73, '2024-01-08', 1, 2, 0, '水、糖、香料、二氧化碳', '(300毫升)卡路里:約150大卡，含糖量:約35g', 4),
(39, '甜品', '泡芙', '咬下爆漿奶油味道的一種甜點', '泡芙.jpg', 50, 74, '2024-01-08', 1, 3, 0, '水、麵粉、油、蛋、糖、奶油', '(50克)卡路里:約100大卡，含糖量:約10g', 4),
(40, '湯品', '藥膳排骨湯', '補充保養身體的補湯', '藥膳排骨湯.jpg', 100, 75, '2024-01-08', 1, 4, 0, '藥材、排骨、調味料、水', '(300克)卡路里:約250大卡，含糖量:約10g', 16),
(41, '小吃', '烤魷魚', '刷上鹹香烤肉醬的獨特海鮮小吃', '烤魷魚.jpg', 100, 76, '2024-01-08', 1, 5, 0, '魷魚、調味料', '(100克)卡路里:約100大卡，含糖量:約1g', 16),
(42, '主食', '牛肉麵', '充滿牛肉塊的麵類主食', '牛肉麵.jpg', 150, 77, '2024-01-08', 1, 6, 0, '牛肉、蔬菜、調味料、麵條', '(300克)卡路里:約350大卡，含糖量:約0.3g', 6),
(43, '點心', '薯條', '順口的休閒小點心', '薯條.jpg', 50, 78, '2024-01-08', 1, 1, 0, '馬鈴薯、鹽、油', '(100克)卡路里:約250大卡，含糖量:約0g', 4),
(44, '飲料', '鮮奶茶', '濃厚奶香的茶類飲料', '鮮奶茶.jpg', 70, 79, '2024-01-08', 1, 2, 0, '牛奶、紅茶', '(300毫升)卡路里:約300大卡，含糖量:約15g', 6),
(45, '甜品', '棉花糖', '鬆鬆綿綿的糖類製品', '棉花糖.jpg', 50, 80, '2024-01-08', 1, 3, 0, '糖、香料', '(30克)卡路里:約100大卡，含糖量:約7g', 16),
(46, '湯品', '肉羹湯', '口感豐富濃稠的獨特湯品', '肉羹湯.jpg', 70, 81, '2024-01-08', 1, 4, 0, '肉、澱粉、高湯、蔬菜', '(300毫升)卡路里:約300大卡，含糖量:約15g', 16),
(47, '小吃', '臭豆腐', '聞著臭，吃著香的獨特小吃', '臭豆腐.jpg', 70, 82, '2024-01-08', 1, 5, 0, '豆腐、油', '(100克)卡路里:約200大卡，含糖量:約1g', 16),
(48, '主食', '控肉飯', '可以吃大塊肉的主食', '控肉飯.jpg', 60, 83, '2024-01-08', 1, 6, 0, '豬肉、醬油、調味料、米飯', '(100克)卡路里:約250大卡，含糖量:約0.2g', 16),
(49, '點心', '蛋捲', '甜甜的蛋香餅乾', '蛋捲.jpg', 50, 84, '2024-01-08', 1, 1, 0, '蛋、糖、麵粉、奶油、香料', '(10克)卡路里:約50大卡，含糖量:約10g', 4),
(50, '飲料', '水果茶', '水果香加上茶香的經典飲料', '水果茶.jpg', 70, 85, '2024-01-08', 1, 2, 0, '水果、茶、水、糖', '(300克)卡路里:約100大卡，含糖量:約5g', 4),
(51, '甜品', '芒果冰', '芒果甜味加上碎冰的清涼甜點', '芒果冰.jpg', 80, 86, '2024-01-08', 1, 3, 0, '芒果、冰塊、糖、煉乳', '(100克)卡路里:約150大卡，含糖量:約15g', 4),
(52, '湯品', '雞湯', '雞肉香味的精華湯品', '雞湯.jpg', 100, 87, '2024-01-08', 1, 4, 0, '雞肉、鹽、香料、蔬菜、水、高湯', '(100克)卡路里:約50大卡，含糖量:約0g', 6),
(53, '小吃', '蚵嗲', '酥脆外皮，內餡豐富的獨特小吃', '蚵嗲.jpg', 80, 88, '2024-01-08', 1, 5, 0, '生蠔、粉漿、雞蛋、青蔥、調味料', '(100克)卡路里:約200大卡，含糖量:約0.1g', 4),
(54, '主食', '麻辣燙', '香麻鹹辣的爽口主食', '麻辣燙.jpg', 150, 89, '2024-01-08', 1, 6, 0, '高湯、肉、蔬菜、調味料、辣椒', '(1000毫升)卡路里:約900大卡，含糖量:約1g', 6),
(55, '點心', '雞塊', '香酥的雞肉味小點心', '雞塊.jpg', 50, 90, '2024-01-08', 1, 1, 0, '雞肉、麵粉、糖、鹽、調味料', '(100克)卡路里:約200大卡，含糖量:約0.2g', 16),
(56, '飲料', '酸梅湯', '酸酸甜甜清涼解渴的飲料', '酸梅湯.jpg', 50, 91, '2024-01-08', 1, 2, 0, '酸梅、糖、水', '(100毫升)卡路里:約50大卡，含糖量:約10g', 4),
(57, '甜品', '果凍', 'QQ彈彈的冰涼甜點', '果凍.jpg', 30, 92, '2024-01-08', 1, 3, 0, '明膠、水、糖、果汁', '(100克)卡路里:約50大卡，含糖量:約10g', 6),
(58, '湯品', '鮮魚湯', '魚肉的甜味融入湯裡的絕妙口感', '鮮魚湯.jpg', 100, 93, '2024-01-08', 1, 4, 0, '鮮魚、蔬菜、鹽、調味料、高湯', '(100克)卡路里:約50大卡，含糖量:約0g', 16),
(59, '小吃', '燒賣', '裹了肉餡的麵皮，咬下去滿肉汁，很爽口的小吃', '燒賣.jpg', 80, 94, '2024-01-08', 1, 5, 0, '豬肉、蔬菜、海鮮、澱粉、麵粉、調味料', '(50克)卡路里:約100大卡，含糖量:約0g', 4),
(60, '主食', '炒泡麵', '鹹香的蔬菜肉類加上火炒的泡麵麵體的主食', '炒泡麵.jpg', 80, 95, '2024-01-08', 1, 6, 0, '泡麵麵體、肉、蔬菜、調味料、油', '(100克)卡路里:約400大卡，含糖量:約3g', 16),
(61, '點心', '刈包', '台灣獨特的漢堡，口味豐富', '刈包.jpg', 40, 96, '2024-01-08', 1, 1, 0, '麵團、水、肉、香料', '(250克)卡路里:約300大卡，含糖量:約0.1g', 4),
(62, '飲料', '椰子汁', '清涼消暑的椰子汁', '椰子汁.jpg', 100, 97, '2024-01-08', 1, 2, 0, '椰子', '(100毫升)卡路里:約20大卡，含糖量:約3g', 16),
(63, '甜品', '湯圓', 'QQ彈的糯米糰子小甜點', '湯圓.jpg', 50, 98, '2024-01-08', 1, 3, 0, '糯米粉、水、餡料、糖水', '(100克)卡路里:約150大卡，含糖量:約10g', 4),
(64, '湯品', '粉腸湯', 'Q彈粉腸搭配獨特蔬菜高湯的湯品', '粉腸湯.jpg', 50, 99, '2024-01-08', 1, 4, 0, '粉腸、蔬菜、水、高湯、調味料', '(300毫升)卡路里:約250大卡，含糖量:約8g', 4),
(65, '小吃', '骰子牛排', '將牛排切成小塊下去煎，更容易入口', '骰子牛排.jpg', 100, 100, '2024-01-08', 1, 5, 0, '牛肉、調味料、油', '(100克)卡路里:約250大卡，含糖量:約0g', 6),
(66, '主食', '藥膳麵線', '滋補身體且順口的湯麵線', '藥膳麵線.jpg', 100, 101, '2024-01-08', 1, 6, 0, '藥膳、麵線、蔬菜、肉、調味料', '(100克)卡路里:約150大卡，含糖量:約0.2g', 6),
(67, '點心', '雞翅', '酥脆口感搭配多汁的雞肉', '雞翅.jpg', 40, 102, '2024-01-08', 1, 1, 0, '雞翅肉、鹽、調味料、麵粉', '(100克)卡路里:約250大卡，含糖量:約0g', 16),
(68, '飲料', '柳橙汁', '香甜的柳橙汁，清涼解渴', '柳橙汁.jpg', 50, 103, '2024-01-08', 1, 2, 0, '柳橙、水、糖', '(240毫升)卡路里:約100大卡，含糖量:約20g', 6),
(69, '甜品', '蛋塔', '鬆鬆的外皮加上甜軟布丁的小甜點', '蛋塔.jpg', 30, 104, '2024-01-08', 1, 3, 0, '麵團、水、糖、布丁', '(50克)卡路里:約200大卡，含糖量:約10g', 16),
(70, '湯品', '花生甜湯', '煮爛的花生加上糖水的簡單滋味', '花生甜湯.jpg', 30, 105, '2024-01-08', 1, 4, 0, '花生、糖水', '(100毫升)卡路里:約200大卡，含糖量:約5g', 4),
(71, '小吃', '車輪餅', '一口咬下，香甜的內餡爆發在嘴裡', '車輪餅.jpg', 15, 106, '2024-01-08', 1, 5, 0, '麵團、水、甜餡料', '(100克)卡路里:約200大卡，含糖量:約10g', 6),
(72, '主食', '擔仔麵', '美味可口，營養豐富的傳統小吃', '擔仔麵.jpg', 50, 107, '2024-01-08', 1, 6, 0, '麵條、肉末、蔬菜、調味料', '(300克)卡路里:約300大卡，含糖量:約1g', 6),
(73, '點心', '涼糕', '冰冰涼涼的糕體點心', '涼糕.jpg', 80, 108, '2024-01-08', 1, 1, 0, '澱粉、水、糖、調味料', '(100克)卡路里:約50大卡，含糖量:約10g', 16),
(74, '飲料', '豆漿', '影養豐富的健康飲料', '豆漿.jpg', 30, 109, '2024-01-08', 1, 2, 0, '黃豆、水、糖', '(240毫升)卡路里:約150大卡，含糖量:約2g', 16),
(75, '甜品', '手工巧克力', '圖特風味甜苦的小甜點', '手工巧克力.jpg', 50, 110, '2024-01-08', 1, 3, 0, '可可脂、奶油、糖、香料', '(30克)卡路里:約150大卡，含糖量:約15g', 6),
(76, '湯品', '薑母鴨', '暖身體並滋補營養的湯品', '薑母鴨.jpg', 150, 111, '2024-01-08', 1, 4, 0, '鴨肉、藥膳、調味料、水、薑片', '(100克)卡路里:約150大卡，含糖量:約1g', 16),
(77, '小吃', '鹹酥雞', '酥脆鹹香的雞肉球', '鹹酥雞.jpg', 100, 112, '2024-01-08', 1, 5, 0, '雞肉、麵粉、糖、鹽、調味料', '(100克)卡路里:約200大卡，含糖量:約0.1g', 16),
(78, '主食', '大腸麵線', '湯汁鮮美，還有QQ大腸風味的麵線', '大腸麵線.jpg', 60, 113, '2024-01-08', 1, 6, 0, '麵線、大腸、高湯、香料', '(100克)卡路里:約50大卡，含糖量:約0.1g', 6),
(79, '點心', '甜甜圈', '灑滿糖粉的美味油炸麵包', '甜甜圈.jpg', 30, 114, '2024-01-08', 1, 1, 0, '麵糰、糖、油', '(100克)卡路里:約200大卡，含糖量:約10g', 16),
(80, '飲料', '楊桃汁', '酸甜的楊桃汁，止咳化痰', '楊桃汁.jpg', 50, 115, '2024-01-08', 1, 2, 0, '楊桃、水、糖', '(240毫升)卡路里:約50大卡，含糖量:約10g', 6),
(81, '甜品', '花生麻糬', '香糯軟軟的口感', '花生麻糬.jpg', 50, 116, '2024-01-08', 1, 3, 0, '糯米、水、糖、花生粉', '(100克)卡路里:約200大卡，含糖量:約5g', 16),
(82, '湯品', '四神湯', '滋補身體溫和藥膳湯', '四神湯.jpg', 100, 117, '2024-01-08', 1, 4, 0, '藥材、排骨、調味料、水、山藥', '(400克)卡路里:約200大卡，含糖量:約0.2g', 16),
(83, '小吃', '雞爪凍', '鹹甜Q彈口感的獨特食物', '雞爪凍.jpg', 80, 118, '2024-01-08', 1, 5, 0, '雞爪、水、滷汁、調味料', '(100克)卡路里:約50大卡，含糖量:約5g', 16),
(84, '主食', '肉圓', 'Q彈外皮內餡肉體扎實的經典食物', '肉圓.jpg', 40, 119, '2024-01-08', 1, 6, 0, '澱粉、水、肉餡、調味料、油', '(100克)卡路里:約150大卡，含糖量:約1g', 16),
(85, '點心', '可頌', '鬆脆蓬鬆可口的麵包', '可頌.jpg', 30, 120, '2024-01-08', 1, 1, 0, '麵粉、蛋、奶油、糖、鹽、酵母', '(100克)卡路里:約200大卡，含糖量:約5g', 6),
(86, '飲料', '葡萄香檳', '酸甜可口的葡萄果汁', '葡萄香檳.jpg', 70, 121, '2024-01-08', 1, 2, 0, '香檳、糖、水、葡萄', '(240毫升)卡路里:約150大卡，含糖量:約30g', 4),
(87, '甜品', '雞蛋冰', '小小的冰，可愛又好入口', '雞蛋冰.jpg', 30, 122, '2024-01-08', 1, 3, 0, '水、糖、果汁', '(100克)卡路里:約200大卡，含糖量:約10g', 6),
(88, '湯品', '貢丸湯', '扎實的貢丸搭配簡單高湯的美味', '貢丸湯.jpg', 30, 123, '2024-01-08', 1, 4, 0, '貢丸、水、鹽、香料、蔬菜', '(300克)卡路里:約200大卡，含糖量:約0.5g', 4),
(89, '小吃', '棺材板', '口感豐富多變，是台灣特色料理', '棺材板.jpg', 60, 124, '2024-01-08', 1, 5, 0, '肉、蔬菜、吐司、牛奶、高湯、調味料', '(100克)卡路里:約50大卡，含糖量:約10g', 6),
(90, '主食', '特色飯糰', '在特色的料理裹上一層白飯', '特色飯糰.jpg', 70, 125, '2024-01-08', 1, 6, 0, '米飯、肉、蔬菜、調味料', '(100克)卡路里:約500大卡，含糖量:約10g', 16),
(91, '點心', '沙威瑪', '類似漢堡，將醃製的肉片配上麵包，有獨特的口感', '沙威瑪.jpg', 70, 126, '2024-01-08', 1, 1, 0, '肉、調味料、麵包、醬料', '(200克)卡路里:約300大卡，含糖量:約1g', 6),
(92, '飲料', '紅茶', '甜苦茶香的經典飲料', '紅茶.jpg', 30, 127, '2024-01-08', 1, 2, 0, '水、茶葉、糖', '(250毫升)卡路里:約100大卡，含糖量:約20g', 16),
(93, '甜品', '桂花糕', '鬆軟香甜帶有桂花香的點心', '桂花糕.jpg', 50, 128, '2024-01-08', 1, 3, 0, '糯米粉、紅豆沙、桂花、糖、水', '(50克)卡路里:約100大卡，含糖量:約15g', 16),
(94, '湯品', '佛跳牆', '口感豐富，可以吃到各類食材的一道名菜', '佛跳牆.jpg', 200, 129, '2024-01-08', 1, 4, 0, '肉、蔬菜、米酒、調味料、水', '(200克)卡路里:約500大卡，含糖量:約2g', 16),
(95, '小吃', '潤餅', '皮薄餡多，口感豐富多樣', '潤餅.jpg', 70, 130, '2024-01-08', 1, 5, 0, '麵團、肉、蔬菜、調味料、油', '(100克)卡路里:約200大卡，含糖量:約0.2g', 16),
(96, '主食', '涼麵', '清涼消暑，適合悶熱時候食用', '涼麵.jpg', 60, 131, '2024-01-08', 1, 6, 0, '麵條、醬料、冰塊、蔬菜', '(200克)卡路里:約300大卡，含糖量:約0.1g', 4),
(97, '點心', '鬆餅', '鬆鬆綿綿的口感，淋上糖漿更是絕配', '鬆餅.jpg', 60, 132, '2024-01-08', 1, 1, 0, '麵粉、牛奶、雞蛋、糖、鹽、泡發粉', '(100克)卡路里:約250大卡，含糖量:約5g', 16),
(98, '飲料', '木瓜牛奶', '木瓜配上濃醇牛乳，清甜好喝', '木瓜牛奶.jpg', 70, 133, '2024-01-08', 1, 2, 0, '木瓜、牛奶、冰塊、糖', '(240毫升)卡路里:約200大卡，含糖量:約30g', 6),
(99, '甜品', '麻糬燒', '麻糬經過碳烤過後，更有一番風味', '麻糬燒.jpg', 80, 134, '2024-01-08', 1, 3, 0, '糯米、糖、水', '(50克)卡路里:約150大卡，含糖量:約10g', 4),
(100, '湯品', '金針排骨湯', '簡單的金針花搭配排骨高湯，是最基礎的湯品', '金針排骨湯.jpg', 80, 135, '2024-01-08', 1, 4, 0, '金針花、排骨、水、鹽、高湯', '(250克)卡路里:約150大卡，含糖量:約0.2g', 6),
(101, '小吃', '炸金針菇', '酥酥脆脆，鹹香美味', '炸金針菇.jpg', 50, 136, '2024-01-08', 1, 5, 0, '金針菇、麵糊、油、調味料', '(100克)卡路里:約250大卡，含糖量:約1g', 4),
(102, '主食', '米糕', '搭配各式各樣的食材融入米糕，看似單調，但吃起來絕妙的口感', '米糕.jpg', 50, 137, '2024-01-08', 1, 6, 0, '糯米飯、蔬菜、碎肉、調味料', '(100克)卡路里:約250大卡，含糖量:約1g', 6),
(103, '點心', '黑糖發糕', '黑糖香味，軟綿口感的點心', '黑糖發糕.jpg', 30, 138, '2024-01-08', 1, 1, 0, '糯米、黑糖、酵母、水', '(100克)卡路里:約200大卡，含糖量:約10g', 4),
(104, '飲料', '楊枝甘露', '獨特的口感，配上冰涼的果汁，成為消暑聖品', '楊枝甘露.jpg', 70, 139, '2024-01-08', 1, 2, 0, '希米、芒果、椰奶、糖、水', '(200克)卡路里:約250大卡，含糖量:約20g', 6),
(105, '甜品', '千層蛋糕', '層層疊加的口感，口感細密', '千層蛋糕.jpg', 80, 140, '2024-01-08', 1, 3, 0, '雞蛋、糖、麵粉、牛奶、奶油', '(100克)卡路里:約300大卡，含糖量:約30g', 6),
(106, '湯品', '牛雜湯', '各部位的牛肉、臟器組成的湯，滋補好喝', '牛雜湯.jpg', 100, 141, '2024-01-08', 1, 4, 0, '牛肉、臟器、蔬菜、高湯、調味料、藥膳、水', '(300克)卡路里:約350大卡，含糖量:約0.3g', 6),
(107, '小吃', '炸杏鮑菇', '酥脆外皮配上濕軟的杏鮑菇，是炸物熱門品項之一', '炸杏鮑菇.jpg', 50, 142, '2024-01-08', 1, 5, 0, '杏鮑菇、麵糊、油、調味料', '(100克)卡路里:約250大卡，含糖量:約1g', 16),
(108, '主食', '營養三明治', '各式各樣的蔬菜跟肉搭配，健康又美味', '營養三明治.jpg', 70, 143, '2024-01-08', 1, 6, 0, '蔬菜、肉、水果、麵包、調味料', '(150克)卡路里:約300大卡，含糖量:約5g', 6),
(109, '點心', '煉乳饅頭', '口感綿密，鬆軟的食物', '煉乳饅頭.jpg', 20, 144, '2024-01-08', 1, 1, 0, '麵粉、酵母、糖、水', '(100克)卡路里:約250大卡，含糖量:約5g', 6),
(110, '飲料', '甘蔗汁', '清涼解渴的蔬菜果汁', '甘蔗汁.jpg', 50, 145, '2024-01-08', 1, 2, 0, '甘蔗、水', '(240毫升)卡路里:約200大卡，含糖量:約15g', 16),
(111, '甜品', '手工布丁', '冰涼Q彈的蛋香甜點', '手工布丁.jpg', 40, 146, '2024-01-08', 1, 3, 0, '蛋、牛奶、水、糖、明膠', '(100克)卡路里:約200大卡，含糖量:約15g', 4),
(112, '湯品', '蔬菜湯', '營養滿分的湯品', '蔬菜湯.jpg', 60, 147, '2024-01-08', 1, 4, 0, '蔬菜、鹽、水、調味料', '(250毫升)卡路里:約100大卡，含糖量:約0g', 4),
(113, '小吃', '烤米血', '鹹香滋味，煎、烤、炸都很美味', '烤米血.jpg', 40, 148, '2024-01-08', 1, 5, 0, '米血、調味料', '(100克)卡路里:約150大卡，含糖量:約0g', 4),
(114, '主食', '鍋貼', '皮薄餡多，一口下去滿嘴肉汁', '鍋貼.jpg', 80, 149, '2024-01-08', 1, 6, 0, '麵粉、水、肉餡、調味料、油', '(100克)卡路里:約200大卡，含糖量:約0.4g', 16),
(115, '點心', '芋泥包', '咬下一口，芋泥香甜而不膩，是好吃的甜點', '芋泥包.jpg', 30, 150, '2024-01-08', 1, 1, 0, '芋頭、糯米粉、砂糖、水、麵團', '(100克)卡路里:約200大卡，含糖量:約10g', 16),
(116, '飲料', '冬瓜茶', '清涼消暑，甜度適中的飲料', '冬瓜茶.jpg', 30, 151, '2024-01-08', 1, 2, 0, '冬瓜、糖、水', '(300毫升)卡路里:約100大卡，含糖量:約20g', 4),
(117, '甜品', '冰火波蘿', '特別的熱熱冰冰的口感', '冰火波蘿.jpg', 60, 152, '2024-01-08', 1, 3, 0, '麵粉、牛奶、雞蛋、糖、鹽、泡發粉、冰淇淋', '(100克)卡路里:約743大卡，含糖量:約0.4g', 16),
(118, '湯品', '蛤蜊湯', '一碗很樸實簡單的海鮮湯品', '蛤蜊湯.jpg', 40, 153, '2024-01-08', 1, 4, 0, '蛤蜊、蔬菜、高湯、調味料、水', '(250毫升)卡路里:約200大卡，含糖量:約0g', 16),
(119, '小吃', '烤鳥蛋', '簡單的煎蛋料理', '烤鳥蛋.jpg', 20, 154, '2024-01-08', 1, 5, 0, '鳥蛋、油、調味料', '(100克)卡路里:約150大卡，含糖量:約2g', 6),
(120, '主食', '海鮮粥', '暖胃的主食', '海鮮粥.jpg', 70, 155, '2024-01-08', 1, 6, 0, '海鮮、蔬菜、米、水、調味料', '(100克)卡路里:約350大卡，含糖量:約8g', 6),
(121, '小吃', '水煎包', '皮薄餡多，一口下去滿嘴肉汁', '水煎包.jpg', 30, 166, '2024-01-08', 1, 5, 0, '麵粉、水、肉餡、調味料、油', '(100克)卡路里:約200大卡，含糖量:約0.4g', 6),
(122, '主食', '水餃', '外皮薄嫩，內餡多汁可口', '水餃.jpg', 70, 167, '2024-01-08', 1, 6, 0, '麵粉、水、肉餡、調味料、油', '(100克)卡路里:約200大卡，含糖量:約0.4g', 4),
(123, '點心', '牛角麵包', '外皮金黃酥脆，香味撲鼻', '牛角麵包.jpg', 40, 168, '2024-01-08', 1, 1, 0, '麵粉、水、酵母、砂糖、鹽、黃油、雞蛋', '', 4),
(124, '飲料', '綠豆沙', '口感細膩，有獨特的綠豆香氣', '綠豆沙.jpg', 50, 169, '2024-01-08', 1, 2, 0, '綠豆、糖、水', '(100克)卡路里:約200大卡，含糖量:約10g', 16),
(125, '甜品', '草莓杯', '清甜的草莓配上煉乳，酸甜好滋味', '草莓杯.jpg', 60, 170, '2024-01-08', 1, 3, 0, '草莓、煉乳', '(100克)卡路里:約40大卡，含糖量:約5g', 16),
(126, '湯品', '酥皮濃湯', '酥皮搭配著馬鈴薯濃湯，是冬天的暖胃好夥伴', '酥皮濃湯.jpg', 50, 171, '2024-01-08', 1, 4, 0, '酥皮、馬鈴薯、蔬菜、碎肉、高湯、調味料', '(240毫升)卡路里:約250大卡，含糖量:約10g', 16),
(127, '小吃', '關東煮', '有各式各樣的食材，冬天暖胃的好夥伴', '關東煮.jpg', 100, 172, '2024-01-08', 1, 5, 0, '肉、澱粉、蔬菜、高湯', '(100克)卡路里:約300大卡，含糖量:約1g', 4),
(128, '主食', '乾麵', '單一的主食，通常會搭配各類小菜', '乾麵.jpg', 30, 173, '2024-01-08', 1, 6, 0, '麵條、調味料、油', '(100克)卡路里:約200大卡，含糖量:約0g', 4),
(129, '點心', '草莓龍鬚糖', '考驗師傅手藝的包糖小點心', '草莓龍鬚糖.jpg', 30, 174, '2024-01-08', 1, 1, 0, '糖、草莓', '(100克)卡路里:約100大卡，含糖量:約10g', 6),
(130, '飲料', '多多綠茶', '甜甜甘澀的飲料', '多多綠茶.jpg', 50, 175, '2024-01-08', 1, 2, 0, '多多、綠茶、水', '(300毫升)卡路里:約100大卡，含糖量:約20g', 16),
(131, '甜品', '可麗露', '口感細膩柔軟，可以搭配不同餡料', '可麗露.jpg', 50, 54, '2024-01-08', 1, 3, 0, '麵粉、蛋、牛奶、麵粉、水、糖、鹽、油', '(30克)卡路里:約150大卡，含糖量:約15g', 6),
(132, '湯品', '番茄濃湯', '番茄風味的濃湯，鹹甜入口為代表', '番茄濃湯.jpg', 50, 55, '2024-01-08', 1, 4, 0, '番茄、馬鈴薯、蔬菜、碎肉、高湯、調味料', '(240毫升)卡路里:約250大卡，含糖量:約8g', 16),
(133, '小吃', '起司玉米', '像瀑布似的起司搭配玉米和其他配料做成的食物', '起司玉米.jpg', 70, 56, '2024-01-08', 1, 5, 0, '玉米、起司、蔬菜、油', '(100克)卡路里:約400大卡，含糖量:約0g', 16),
(134, '主食', '鍋燒麵', '一碗料多豐富的鍋燒麵', '鍋燒麵.jpg', 100, 57, '2024-01-08', 1, 6, 0, '麵、肉、蔬菜、油、水、高湯', '(100克)卡路里:約480大卡，含糖量:約01g', 16),
(135, '點心', '蘿蔔糕', '口感香甜可口，外皮酥脆，內裡軟糯', '蘿蔔糕.jpg', 30, 58, '2024-01-08', 1, 1, 0, '蘿蔔、米粉、水、香菇、調味料、油', '(50克)卡路里:約150大卡，含糖量:約0g', 4),
(136, '飲料', '芋頭西米露', '口感層次豐富，很特殊的飲料', '芋頭西米露.jpg', 80, 59, '2024-01-08', 1, 2, 0, '芋頭、西米、椰汁、糖、水', '(200克)卡路里:約200大卡，含糖量:約10g', 4),
(137, '甜品', '聖代', '加了很多配料的冰淇淋', '聖代.jpg', 100, 60, '2024-01-08', 1, 3, 0, '餅乾、巧克力、冰淇淋、果醬、水果', '(100克)卡路里:約400大卡，含糖量:約20g', 16),
(138, '湯品', '銀耳甜湯', '能養顏美白，且用料豐富的一種甜湯', '銀耳甜湯.jpg', 80, 61, '2024-01-08', 1, 4, 0, '銀耳、冰糖、紅棗、枸杞、水', '200克)卡路里:約250大卡，含糖量:約15g', 6),
(139, '小吃', '蔥油餅', '有蔥香的的一種小吃', '蔥油餅.jpg', 40, 62, '2024-01-08', 1, 5, 0, '麵粉、蔥、油、鹽', '(100克)卡路里:約250大卡，含糖量:約0.2g', 16),
(140, '主食', '鐵板麵', '口感豐富，每一口都鹹香夠味', '鐵板麵.jpg', 100, 63, '2024-01-08', 1, 6, 0, '麵條、蔬菜、碎肉、調味料、油', '(100克)卡路里:約300大卡，含糖量:約0.2g', 4);

-- --------------------------------------------------------

--
-- 資料表結構 `product_categories`
--

CREATE TABLE `product_categories` (
  `category_id` int(11) NOT NULL,
  `category_name` varchar(255) DEFAULT NULL
) ENGINE=InnoDB DEFAULT CHARSET=utf8mb4 COLLATE=utf8mb4_general_ci;

--
-- 傾印資料表的資料 `product_categories`
--

INSERT INTO `product_categories` (`category_id`, `category_name`) VALUES
(1, '點心'),
(2, '飲料'),
(3, '甜品'),
(4, '湯品'),
(5, '小吃'),
(6, '主食');

-- --------------------------------------------------------

--
-- 資料表結構 `qrcode`
--

CREATE TABLE `qrcode` (
  `QRcode_id` int(11) NOT NULL,
  `order_id` int(11) NOT NULL,
  `product_id` varchar(20) NOT NULL,
  `count` int(11) NOT NULL,
  `create_date` timestamp NOT NULL DEFAULT current_timestamp() ON UPDATE current_timestamp(),
  `state` int(11) NOT NULL DEFAULT 0,
  `date` timestamp NULL DEFAULT NULL
) ENGINE=InnoDB DEFAULT CHARSET=utf8mb4 COLLATE=utf8mb4_general_ci;

-- --------------------------------------------------------

--
-- 資料表結構 `seller`
--

CREATE TABLE `seller` (
  `seller_id` int(11) NOT NULL,
  `store_name` varchar(255) DEFAULT NULL,
  `contact_number` varchar(20) DEFAULT NULL,
  `email` varchar(255) DEFAULT NULL,
  `company_address` varchar(255) DEFAULT NULL,
  `company_description` text DEFAULT NULL,
  `store_image` varchar(255) DEFAULT NULL,
  `opening_hours` time DEFAULT NULL,
  `closing_hours` time DEFAULT NULL,
  `created_at` timestamp NOT NULL DEFAULT current_timestamp(),
  `rest_day` varchar(50) DEFAULT NULL,
  `profile_picture` varchar(255) DEFAULT NULL,
  `favorite_count` int(11) DEFAULT NULL,
  `market_id` int(11) DEFAULT NULL,
  `ad_id` int(11) DEFAULT NULL
) ENGINE=InnoDB DEFAULT CHARSET=utf8mb4 COLLATE=utf8mb4_general_ci;

--
-- 傾印資料表的資料 `seller`
--

INSERT INTO `seller` (`seller_id`, `store_name`, `contact_number`, `email`, `company_address`, `company_description`, `store_image`, `opening_hours`, `closing_hours`, `created_at`, `rest_day`, `profile_picture`, `favorite_count`, `market_id`, `ad_id`) VALUES
(1, '阿嬤的鹹酥雞', '0922-111111', NULL, '台北市中正區忠孝東路一段1號', '好吃的鹹酥雞，香脆多汁，來一份不夠吃！', NULL, NULL, NULL, '2024-03-31 10:11:42', NULL, NULL, NULL, NULL, NULL),
(2, '阿宗的麵線', '0933-222222', NULL, '台中市西屯區市政北二路75號', '台中最有名的麵線攤販，湯頭鮮美，深受學生歡迎。', NULL, NULL, NULL, '2024-03-31 10:11:42', NULL, NULL, NULL, NULL, NULL),
(3, '阿財的豆花', '0955-333333', NULL, '高雄市鼓山區美術南二路30號', '超滑嫩的豆花，配上珍珠、紅豆，清涼解暑的最佳選擇。', NULL, NULL, NULL, '2024-03-31 10:11:42', NULL, NULL, NULL, NULL, NULL),
(4, '小七的滷肉飯', '0911-444444', 'text12324@gmail.com', '台北市大安區信義路四段218號', '香氣四溢的滷肉飯，讓你一試再愛上。', NULL, NULL, NULL, '2024-03-31 10:11:42', '6', NULL, NULL, NULL, NULL),
(5, '阿昌的大腸包小腸', '0988-555555', NULL, '新竹市東區介壽路168號', '道地的新竹味，酥脆的大腸包裹著Q彈的小腸，必點美食。', NULL, NULL, NULL, '2024-03-31 10:11:42', NULL, NULL, NULL, NULL, NULL),
(6, '老王的珍珠奶茶', '0933-666666', NULL, '台南市中西區忠義路12號', '香濃的奶茶搭配Q彈珍珠，一口一顆珍珠，滿滿的幸福感。', NULL, NULL, NULL, '2024-03-31 10:11:42', NULL, NULL, NULL, NULL, NULL),
(7, '阿美的芋頭球', '0977-777777', NULL, '彰化縣彰化市光復路二段66號', '外酥內軟的芋頭球，外表金黃酥脆，內裡芋頭香氣滿溢。', NULL, NULL, NULL, '2024-03-31 10:11:42', NULL, NULL, NULL, NULL, NULL),
(8, '小龍的蚵仔煎', '0922-888888', NULL, '嘉義市西區民生北路99號', '嘉義最道地的蚵仔煎，酥脆外皮，鮮嫩多汁的蚵仔，美味無比。', NULL, NULL, NULL, '2024-03-31 10:11:42', NULL, NULL, NULL, NULL, NULL),
(9, '阿姨的冰淇淋', '0955-999999', NULL, '宜蘭縣宜蘭市民族路一段28號', '宜蘭的冰淇淋必吃攤販，多種口味任你挑選，冰涼爽口。', NULL, NULL, NULL, '2024-03-31 10:11:42', NULL, NULL, NULL, NULL, NULL),
(10, '老張的滷味', '0911-101010', NULL, '桃園市中壢區中山東路168號', '滷味大碗，鹹甜適中，讓你停不下來。', NULL, NULL, NULL, '2024-03-31 10:11:42', NULL, NULL, NULL, NULL, NULL),
(11, '小貝的章魚燒', '0933-111111', NULL, '新北市板橋區文化路一段88號', '酥脆外皮，內餡Q彈，章魚燒中的經典口味。', NULL, NULL, NULL, '2024-03-31 10:11:42', NULL, NULL, NULL, NULL, NULL),
(12, '阿成的烤玉米', '0988-121212', NULL, '苗栗縣苗栗市中正路55號', '香甜多汁的烤玉米，吃了停不下來的好滋味。', NULL, NULL, NULL, '2024-03-31 10:11:42', NULL, NULL, NULL, NULL, NULL),
(13, '老媽的魯肉飯', '0922-131313', NULL, '台北市士林區文林路125號', '醇厚的魯肉，搭配軟綿的米飯，家的味道就是這樣。', NULL, NULL, NULL, '2024-03-31 10:11:42', NULL, NULL, NULL, NULL, NULL),
(14, '小雯的香腸', '0933-141414', NULL, '新竹市北區民權路188號', '嚼勁十足的台式香腸，炒飯、泡麵的好夥伴。', NULL, NULL, NULL, '2024-03-31 10:11:42', NULL, NULL, NULL, NULL, NULL),
(15, '阿哲的豬血糕', '0955-151515', NULL, '台中市北區太原路99號', 'Q彈爽口的豬血糕，沾著辣椒醬更是美味。', NULL, NULL, NULL, '2024-03-31 10:11:42', NULL, NULL, NULL, NULL, NULL),
(16, '老李的麻辣鍋', '0911-161616', NULL, '台南市北區成功路66號', '麻辣鍋中的巔峰之作，辣中帶鮮，讓你食指大動。', NULL, NULL, NULL, '2024-03-31 10:11:42', NULL, NULL, NULL, NULL, NULL),
(17, '小美的臭豆腐', '0988-171717', NULL, '彰化縣彰化市進化路55號', '獨門的臭味配上香脆外皮，是台灣味道的代表。', NULL, NULL, NULL, '2024-03-31 10:11:42', NULL, NULL, NULL, NULL, NULL),
(18, '阿德的潤餅', '0933-181818', NULL, '新竹市東區光復路168號', '香脆的潤餅皮，搭配豐富的餡料，一口咬下滿滿幸福感。', NULL, NULL, NULL, '2024-03-31 10:11:42', NULL, NULL, NULL, NULL, NULL),
(19, '老王的蘿蔔糕', '0955-191919', NULL, '高雄市鳳山區文化路二段88號', '彈牙的蘿蔔糕，外脆內軟，老少咸宜的美味。', NULL, NULL, NULL, '2024-03-31 10:11:42', NULL, NULL, NULL, NULL, NULL),
(20, '小李的鴨血糕', '0911-202020', NULL, '台北市松山區八德路三段99號', '獨特的口感，沾上醬料更是美味可口。', NULL, NULL, NULL, '2024-03-31 10:11:42', NULL, NULL, NULL, NULL, NULL),
(21, '阿青的鹹豆漿', '0988-212121', NULL, '台中市西屯區惠中路88號', '濃郁的鹹豆漿，搭配煎餅或油條，早餐首選。', NULL, NULL, NULL, '2024-03-31 10:11:42', NULL, NULL, NULL, NULL, NULL),
(22, '老吳的蜜餞', '0933-222222', NULL, '彰化縣鹿港鎮頂番路55號', '香甜可口的蜜餞，各式水果滿足你的味蕾。', NULL, NULL, NULL, '2024-03-31 10:11:42', NULL, NULL, NULL, NULL, NULL),
(23, '小陳的鴨腿', '0955-232323', NULL, '新北市三重區重新路168號', '香嫩多汁的鴨腿，外皮酥脆，是肉食者的最愛。', NULL, NULL, NULL, '2024-03-31 10:11:42', NULL, NULL, NULL, NULL, NULL),
(24, '阿美的芝麻湯圓', '0911-242424', NULL, '台南市安南區海佃路88號', '熱騰騰的湯圓，包裹著濃郁的芝麻餡，冬天的最愛。', NULL, NULL, NULL, '2024-03-31 10:11:42', NULL, NULL, NULL, NULL, NULL),
(25, '老王的油飯', '0988-252525', NULL, '桃園市桃園區成功路99號', '香氣撲鼻的油飯，米粒飽滿，讓你回味無窮。', NULL, NULL, NULL, '2024-03-31 10:11:42', NULL, NULL, NULL, NULL, NULL),
(26, '小林的貢丸湯', '0933-262626', NULL, '高雄市鳳山區文衡路55號', '嚼勁十足的貢丸，搭配清甜的湯頭，下飯好幫手。', NULL, NULL, NULL, '2024-03-31 10:11:42', NULL, NULL, NULL, NULL, NULL),
(27, '阿珍的炸雞排', '0955-272727', NULL, '台北市中山區長安東路168號', '酥脆多汁的炸雞排，是街頭美食中的經典之作。', NULL, NULL, NULL, '2024-03-31 10:11:42', NULL, NULL, NULL, NULL, NULL),
(28, '老張的炒米粉', '0911-282828', NULL, '新竹市東區民生路88號', '熱騰騰的炒米粉，香氣四溢，令人垂涎三尺。', NULL, NULL, NULL, '2024-03-31 10:11:42', NULL, NULL, NULL, NULL, NULL),
(29, '小劉的珍珠粉圓', '0988-292929', NULL, '苗栗縣苗栗市中山路55號', 'Q彈的珍珠，配上香甜的粉圓，一口一顆，停不下來。', NULL, NULL, NULL, '2024-03-31 10:11:42', NULL, NULL, NULL, NULL, NULL),
(30, '阿花的米糕', '0933-303030', NULL, '台中市南區建國南路99號', '綿密香甜的米糕，搭配花生粉或紅豆，口感十足。', NULL, NULL, NULL, '2024-03-31 10:11:42', NULL, NULL, NULL, NULL, NULL),
(31, '老王的香腸', '0955-313131', NULL, '台南市南區文化路一段88號', '台式香腸的經典味道，配上一杯啤酒最爽快。', NULL, NULL, NULL, '2024-03-31 10:11:42', NULL, NULL, NULL, NULL, NULL),
(32, '小劉的擔仔麵', '0911-323232', NULL, '高雄市前鎮區民權二路168號', '濃郁的麵湯，配上香嫩的肉片，讓你一口接一口。', NULL, NULL, NULL, '2024-03-31 10:11:42', NULL, NULL, NULL, NULL, NULL),
(33, '阿美的蔥油餅', '0988-333333', NULL, '台北市大同區迪化街55號', '外酥內軟的蔥油餅，鹹香可口，美味十足。', NULL, NULL, NULL, '2024-03-31 10:11:42', NULL, NULL, NULL, NULL, NULL),
(34, '老張的肉圓', '0933-343434', NULL, '桃園市中壢區中央西路99號', '外酥內嫩的肉圓，沾上甜辣醬，一口接一口停不下來。', NULL, NULL, NULL, '2024-03-31 10:11:42', NULL, NULL, NULL, NULL, NULL),
(35, '小張的涼粉', '0955-353535', NULL, '新北市永和區永和路168號', '清涼解暑的涼粉，搭配醬料和辣椒，酸辣可口。', NULL, NULL, NULL, '2024-03-31 10:11:42', NULL, NULL, NULL, NULL, NULL);

-- --------------------------------------------------------

--
-- 資料表結構 `seller_discounts`
--

CREATE TABLE `seller_discounts` (
  `id` int(11) NOT NULL,
  `seller_id` int(11) NOT NULL,
  `discount_category_id` int(11) NOT NULL
) ENGINE=InnoDB DEFAULT CHARSET=utf8mb4 COLLATE=utf8mb4_general_ci;

-- --------------------------------------------------------

--
-- 資料表結構 `sms_verification`
--

CREATE TABLE `sms_verification` (
  `id` int(11) NOT NULL,
  `mobile` varchar(50) NOT NULL,
  `discount` varchar(50) NOT NULL,
  `status` varchar(50) NOT NULL,
  `created_at` timestamp NOT NULL DEFAULT current_timestamp() ON UPDATE current_timestamp()
) ENGINE=InnoDB DEFAULT CHARSET=utf8mb4 COLLATE=utf8mb4_general_ci;

--
-- 已傾印資料表的索引
--

--
-- 資料表索引 `account`
--
ALTER TABLE `account`
  ADD PRIMARY KEY (`account_id`),
  ADD KEY `seller_id` (`seller_id`);

--
-- 資料表索引 `balloon_data`
--
ALTER TABLE `balloon_data`
  ADD PRIMARY KEY (`balloon_id`);

--
-- 資料表索引 `bank_account`
--
ALTER TABLE `bank_account`
  ADD PRIMARY KEY (`account_id`),
  ADD KEY `seller_id` (`seller_id`);

--
-- 資料表索引 `character_data`
--
ALTER TABLE `character_data`
  ADD PRIMARY KEY (`character_id`);

--
-- 資料表索引 `clear_data`
--
ALTER TABLE `clear_data`
  ADD PRIMARY KEY (`clear_id`);

--
-- 資料表索引 `comment`
--
ALTER TABLE `comment`
  ADD PRIMARY KEY (`id`);

--
-- 資料表索引 `custom`
--
ALTER TABLE `custom`
  ADD PRIMARY KEY (`custom_Id`);

--
-- 資料表索引 `discount_category`
--
ALTER TABLE `discount_category`
  ADD PRIMARY KEY (`id`);

--
-- 資料表索引 `favorite_store`
--
ALTER TABLE `favorite_store`
  ADD KEY `product_id` (`product_id`);

--
-- 資料表索引 `game_data`
--
ALTER TABLE `game_data`
  ADD PRIMARY KEY (`level_id`);

--
-- 資料表索引 `market_data`
--
ALTER TABLE `market_data`
  ADD PRIMARY KEY (`market_id`);

--
-- 資料表索引 `payment`
--
ALTER TABLE `payment`
  ADD PRIMARY KEY (`payment_id`);

--
-- 資料表索引 `products`
--
ALTER TABLE `products`
  ADD PRIMARY KEY (`product_id`);

--
-- 資料表索引 `product_categories`
--
ALTER TABLE `product_categories`
  ADD PRIMARY KEY (`category_id`);

--
-- 資料表索引 `seller`
--
ALTER TABLE `seller`
  ADD PRIMARY KEY (`seller_id`);

--
-- 資料表索引 `seller_discounts`
--
ALTER TABLE `seller_discounts`
  ADD PRIMARY KEY (`id`);

--
-- 在傾印的資料表使用自動遞增(AUTO_INCREMENT)
--

--
-- 使用資料表自動遞增(AUTO_INCREMENT) `account`
--
ALTER TABLE `account`
  MODIFY `account_id` int(11) NOT NULL AUTO_INCREMENT, AUTO_INCREMENT=36;

--
-- 使用資料表自動遞增(AUTO_INCREMENT) `balloon_data`
--
ALTER TABLE `balloon_data`
  MODIFY `balloon_id` int(11) NOT NULL AUTO_INCREMENT;

--
-- 使用資料表自動遞增(AUTO_INCREMENT) `bank_account`
--
ALTER TABLE `bank_account`
  MODIFY `account_id` int(11) NOT NULL AUTO_INCREMENT, AUTO_INCREMENT=106;

--
-- 使用資料表自動遞增(AUTO_INCREMENT) `character_data`
--
ALTER TABLE `character_data`
  MODIFY `character_id` int(11) NOT NULL AUTO_INCREMENT;

--
-- 使用資料表自動遞增(AUTO_INCREMENT) `clear_data`
--
ALTER TABLE `clear_data`
  MODIFY `clear_id` int(11) NOT NULL AUTO_INCREMENT;

--
-- 使用資料表自動遞增(AUTO_INCREMENT) `comment`
--
ALTER TABLE `comment`
  MODIFY `id` int(20) NOT NULL AUTO_INCREMENT;

--
-- 使用資料表自動遞增(AUTO_INCREMENT) `custom`
--
ALTER TABLE `custom`
  MODIFY `custom_Id` int(10) NOT NULL AUTO_INCREMENT, AUTO_INCREMENT=35;

--
-- 使用資料表自動遞增(AUTO_INCREMENT) `discount_category`
--
ALTER TABLE `discount_category`
  MODIFY `id` int(11) NOT NULL AUTO_INCREMENT;

--
-- 使用資料表自動遞增(AUTO_INCREMENT) `game_data`
--
ALTER TABLE `game_data`
  MODIFY `level_id` int(11) NOT NULL AUTO_INCREMENT;

--
-- 使用資料表自動遞增(AUTO_INCREMENT) `market_data`
--
ALTER TABLE `market_data`
  MODIFY `market_id` int(20) NOT NULL AUTO_INCREMENT, AUTO_INCREMENT=11;

--
-- 使用資料表自動遞增(AUTO_INCREMENT) `payment`
--
ALTER TABLE `payment`
  MODIFY `payment_id` int(11) NOT NULL AUTO_INCREMENT;

--
-- 使用資料表自動遞增(AUTO_INCREMENT) `products`
--
ALTER TABLE `products`
  MODIFY `product_id` int(11) NOT NULL AUTO_INCREMENT, AUTO_INCREMENT=141;

--
-- 使用資料表自動遞增(AUTO_INCREMENT) `seller`
--
ALTER TABLE `seller`
  MODIFY `seller_id` int(11) NOT NULL AUTO_INCREMENT, AUTO_INCREMENT=36;

--
-- 使用資料表自動遞增(AUTO_INCREMENT) `seller_discounts`
--
ALTER TABLE `seller_discounts`
  MODIFY `id` int(11) NOT NULL AUTO_INCREMENT;

--
-- 已傾印資料表的限制式
--

--
-- 資料表的限制式 `account`
--
ALTER TABLE `account`
  ADD CONSTRAINT `account_ibfk_1` FOREIGN KEY (`seller_id`) REFERENCES `seller` (`seller_id`);

--
-- 資料表的限制式 `bank_account`
--
ALTER TABLE `bank_account`
  ADD CONSTRAINT `bank_account_ibfk_1` FOREIGN KEY (`seller_id`) REFERENCES `seller` (`seller_id`);

--
-- 資料表的限制式 `favorite_store`
--
ALTER TABLE `favorite_store`
  ADD CONSTRAINT `product_id` FOREIGN KEY (`product_id`) REFERENCES `products` (`product_id`) ON DELETE CASCADE ON UPDATE CASCADE;
COMMIT;

/*!40101 SET CHARACTER_SET_CLIENT=@OLD_CHARACTER_SET_CLIENT */;
/*!40101 SET CHARACTER_SET_RESULTS=@OLD_CHARACTER_SET_RESULTS */;
/*!40101 SET COLLATION_CONNECTION=@OLD_COLLATION_CONNECTION */;
